"ID","Description","setSize","enrichmentScore","NES","pvalue","p.adjust","qvalue","rank","leading_edge","core_enrichment","direction","core_gene_count","comparison"
"mmu04060","Cytokine-cytokine receptor interaction",81,0.654749737527988,2.37864577077316,5.37865352877113e-10,1.7695770109657e-07,1.47771428527291e-07,1556,"tags=47%, list=15%, signal=40%","16175/20311/14825/20310/18414/21926/20297/13857/12981/50905/12159/21942/12977/16878/330122/15945/16169/16178/21934/18383/22035/21803/21936/16155/15979/12156/12168/242700/16164/83430/77125/100532/20304/21808/23886/16195/66102/57914","Positive NES",38,"STm_MBCD vs MBCD"
"mmu05133","Pertussis",45,0.711036171297125,2.27279126864697,2.43595998736106e-07,2.67143611947262e-05,2.23082651474118e-05,981,"tags=27%, list=9%, signal=24%","16175/18126/20311/21926/12266/16362/12475/15900/18033/26419/12369/106759","Positive NES",12,"STm_MBCD vs MBCD"
"mmu04668","TNF signaling pathway",96,0.580570779404536,2.15165843452506,2.20572693816207e-07,2.67143611947262e-05,2.23082651474118e-05,2032,"tags=43%, list=19%, signal=35%","20311/14825/20310/257632/21926/20297/22329/18035/12981/21929/12977/16362/16878/13614/330122/15945/18033/26419/12051/26399/66724/12369/16477/67384/217344/11796/208647/26410/19225/26417/20304/12633/69601/53859/26395/18710/16168/18708/12675/14102/19697","Positive NES",41,"STm_MBCD vs MBCD"
"mmu05140","Leishmaniasis",42,0.702006409697285,2.20633078873331,8.1954905576296e-07,6.74079098365034e-05,5.62900798826665e-05,892,"tags=26%, list=8%, signal=24%","16175/18126/21926/24088/18035/12266/18033/13712/21803/15170/15979","Positive NES",11,"STm_MBCD vs MBCD"
"mmu05323","Rheumatoid arthritis",45,0.691535456160389,2.21045821600593,1.065354146837e-06,7.01003028618745e-05,5.85384068051487e-05,1467,"tags=40%, list=14%, signal=35%","16175/20311/14825/20310/21926/20297/24088/12981/12977/330122/21934/21803/11972/83430/14254/20304/21808/140494","Positive NES",18,"STm_MBCD vs MBCD"
"mmu04657","IL-17 signaling pathway",60,0.627979979940299,2.13360825552516,2.27654584801479e-06,0.000124830597332811,0.000104241836198572,1482,"tags=32%, list=14%, signal=27%","20311/14825/20310/21926/20297/18035/12981/50905/21929/330122/15945/18033/26419/66724/56489/19225/26417/103213/16819","Positive NES",19,"STm_MBCD vs MBCD"
"mmu04640","Hematopoietic cell lineage",25,0.765914687367918,2.1906481917518,2.89765116792847e-06,0.000130241821266282,0.00010876056743081,560,"tags=28%, list=5%, signal=27%","16175/21926/13857/12981/12977/12475/16178","Positive NES",7,"STm_MBCD vs MBCD"
"mmu05146","Amoebiasis",53,0.635337284618689,2.11211988615808,3.1669743772956e-06,0.000130241821266282,0.00010876056743081,907,"tags=25%, list=9%, signal=23%","18126/14825/20310/21926/24088/12981/12475/18752/330122/16178/18033/21803/14676","Positive NES",13,"STm_MBCD vs MBCD"
"mmu04933","AGE-RAGE signaling pathway in diabetic complications",67,0.588217487866546,2.0507593585384,4.34382562675511e-06,0.000158790959022492,0.000132600992816735,2592,"tags=48%, list=24%, signal=36%","16175/21926/18127/22329/18754/13614/20851/18033/18712/18787/21803/26419/18762/234779/26417/18753/21808/13653/22340/18710/18708/19697/12576/20848/56458/19094/12367/15894/11652/16452/13367/16476","Positive NES",32,"STm_MBCD vs MBCD"
"mmu04380","Osteoclast differentiation",82,0.541749990090327,1.96182850011657,3.50657263494837e-05,0.00115366239689801,0.000963384692338446,2068,"tags=34%, list=19%, signal=28%","16175/21926/12703/18035/12977/19698/14389/18033/21934/18383/19016/21803/26419/100201/26399/15979/16477/234779/26417/21808/53859/26395/18710/16440/18708/12675/19697/15980","Positive NES",28,"STm_MBCD vs MBCD"
"mmu05152","Tuberculosis",105,0.511705481197251,1.92572338699607,4.06091471640206e-05,0.00121458267426934,0.00101425716840281,1586,"tags=22%, list=15%, signal=19%","16175/18126/257632/21926/24088/12266/12475/18044/18033/21803/26419/16155/53970/15979/11972/16706/83430/108960/26417/21808/140494/56632/170767","Positive NES",23,"STm_MBCD vs MBCD"
"mmu04010","MAPK signaling pathway",191,0.422627039943253,1.7091488375065,4.65111750840219e-05,0.0012751813835536,0.00106486111376577,1833,"tags=25%, list=17%, signal=21%","16175/14172/21926/71751/19099/18188/12977/19698/12475/18752/18218/17260/18099/70686/18033/13712/26407/110651/21803/26419/17762/26399/13636/20111/18479/269881/109689/26410/54635/14256/18783/13638/14254/26417/19060/12531/21808/20130/13866/14013/26406/17873/22340/26401/53859/15511/26395/56274","Positive NES",48,"STm_MBCD vs MBCD"
"mmu04061","Viral protein interaction with cytokine and cytokine receptor",24,0.712554323118298,2.0214211634968,0.000102293752306644,0.00258881880837583,0.00216183557506348,803,"tags=42%, list=8%, signal=39%","20311/14825/20310/21926/20297/12977/330122/15945/22035/16155","Positive NES",10,"STm_MBCD vs MBCD"
"mmu05321","Inflammatory bowel disease",24,0.699203853934055,1.98354767080148,0.000237660694241154,0.00521269122702265,0.00435294324189061,892,"tags=33%, list=8%, signal=31%","16175/257632/21926/24088/19885/18033/21803/15979","Positive NES",8,"STm_MBCD vs MBCD"
"mmu05145","Toxoplasmosis",75,0.516128753622711,1.84519306181827,0.000228188710050383,0.00521269122702265,0.00435294324189061,2646,"tags=40%, list=25%, signal=30%","18126/21926/24088/12703/18035/18033/21803/26419/16155/26399/15979/11796/226519/26417/21808/18036/15511/12675/17087/19697/15980/20848/19094/12367/11652/16452/21937/26409/105675/16774","Positive NES",30,"STm_MBCD vs MBCD"
"mmu04151","PI3K-Akt signaling pathway",184,0.409291808500921,1.65629435160298,0.000306744930774229,0.00630744263904508,0.00526713335079432,2070,"tags=25%, list=19%, signal=21%","14172/18414/13857/18127/24088/18188/83490/14745/12977/16404/98432/16410/16420/18033/53978/75778/14710/13636/56717/74747/14936/263803/225849/12125/226519/208647/54635/14256/16398/13638/14254/14697/26417/13866/21770/56484/22340/26395/18710/51792/18708/12675/74551/14924/19697/12576","Positive NES",46,"STm_MBCD vs MBCD"
"mmu05142","Chagas disease",66,0.531165251976693,1.84958922121276,0.000326931534626828,0.00632708675836626,0.00528353749458837,2068,"tags=35%, list=19%, signal=28%","18126/21926/24088/18035/12266/18033/18787/21803/26419/15979/14676/106759/26417/20304/21808/12633/18710/51792/18708/12675/14102/19697/15980","Positive NES",23,"STm_MBCD vs MBCD"
"mmu04940","Type I diabetes mellitus",14,0.768180126218067,1.91440157841438,0.000487194237709624,0.00803967881440209,0.00671366555929913,21,"tags=14%, list=0%, signal=14%","16175/21926","Positive NES",2,"STm_MBCD vs MBCD"
"mmu04064","NF-kappa B signaling pathway",73,0.520649662711211,1.84747179910374,0.000469445813749346,0.00803967881440209,0.00671366555929913,2555,"tags=45%, list=24%, signal=35%","14825/20310/21926/22329/18035/21929/170720/19698/12475/330122/333654/18792/18033/21934/66724/106759/234779/11796/19225/111173/12633/17873/53859/12675/17087/19697/12042/57913/15894/12995/21937/18034/26409","Positive NES",33,"STm_MBCD vs MBCD"
"mmu05134","Legionellosis",46,0.572572007217412,1.82878455267498,0.000488734274431738,0.00803967881440209,0.00671366555929913,584,"tags=20%, list=5%, signal=19%","14825/20310/21926/24088/18035/12266/12475/330122/18033","Positive NES",9,"STm_MBCD vs MBCD"
"mmu03008","Ribosome biogenesis in eukaryotes",71,-0.498314252757387,-1.82989646679659,0.000539268891076954,0.00844854596020561,0.00705509677048045,2882,"tags=48%, list=27%, signal=35%","72554/67045/71340/105372/224092/14113/69237/237107/110816/213895/30877/19384/216987/59028/21771/55989/66161/217109/269470/68147/217995/27993/73674/72515/195434/67973/98956/56488/100019/67724/245474/67134/57815/230082","Negative NES",34,"STm_MBCD vs MBCD"
"mmu04066","HIF-1 signaling pathway",81,0.485723324309966,1.76458830743158,0.000774969516377963,0.0115893168585614,0.00967784898443293,2107,"tags=33%, list=20%, signal=27%","18126/18127/13614/18752/18033/18787/56717/15979/234779/112407/15275/170768/20525/14254/26417/68263/13866/26395/18710/18708/15277/18641/19697/56421/15980/12576/20848","Positive NES",27,"STm_MBCD vs MBCD"
"mmu04062","Chemokine signaling pathway",97,0.454263010299959,1.69030373323763,0.00097338035955519,0.013923571230159,0.0116271063544121,2509,"tags=40%, list=24%, signal=31%","20311/14825/20310/20297/18035/20851/330122/15945/11515/18033/14710/18762/93742/234779/18479/19303/109689/14697/26417/18753/20304/66102/56484/26385/18036/26395/18710/606496/11512/18708/12675/19697/20848/20300/22325/20416/11652/16452/56744","Positive NES",39,"STm_MBCD vs MBCD"
"mmu05418","Fluid shear stress and atherosclerosis",104,0.456226799913755,1.70885340915378,0.00104707175759193,0.0143536086769894,0.0119862161724339,812,"tags=13%, list=8%, signal=13%","16175/21926/18127/22329/12159/13614/16410/17260/16178/18033/14871/26419/18762/26399","Positive NES",14,"STm_MBCD vs MBCD"
"mmu04926","Relaxin signaling pathway",73,0.498049815928056,1.76727856632889,0.00129421191911018,0.0170318288554899,0.0142227078268529,2407,"tags=34%, list=23%, signal=27%","18126/18127/18035/13614/11515/18033/21803/14710/26419/18762/14676/109689/208647/14697/26417/22340/26395/18710/11512/18708/19697/11909/19094/20416/11652","Positive NES",25,"STm_MBCD vs MBCD"
"mmu04650","Natural killer cell mediated cytotoxicity",53,0.513608789780684,1.70744479328399,0.00169499522326513,0.0214482087867011,0.0179106782701296,2357,"tags=40%, list=22%, signal=31%","56743/21926/12981/18752/22035/15170/15979/234779/18479/19247/26417/26395/18710/18708/14102/15980/22325/20416/12367/21933/15894","Positive NES",21,"STm_MBCD vs MBCD"
"mmu05332","Graft-versus-host disease",11,0.774606531717394,1.79854619554198,0.00328661051311924,0.0400479577339344,0.0334427034668273,21,"tags=18%, list=0%, signal=18%","16175/21926","Positive NES",2,"STm_MBCD vs MBCD"
"mmu03020","RNA polymerase",32,-0.5767010701247,-1.80442371228517,0.00399022908587681,0.0451432739804999,0.0376976308075843,1746,"tags=44%, list=16%, signal=37%","20019/28071/64424/12909/70333/67065/70408/17749/69241/70428/26939/78929/218832/20017","Negative NES",14,"STm_MBCD vs MBCD"
"mmu05235","PD-L1 expression and PD-1 checkpoint pathway in cancer",64,0.467214213338846,1.60935322123808,0.0041493324616024,0.0451432739804999,0.0376976308075843,2592,"tags=42%, list=24%, signal=32%","24088/18035/18037/18033/15170/26399/56717/15979/106759/19247/26417/60533/26406/18036/26395/18710/78798/18708/12675/19697/15980/20848/19094/12995/11652/16452/16476","Positive NES",27,"STm_MBCD vs MBCD"
"mmu05167","Kaposi sarcoma-associated herpesvirus infection",133,0.394791580822108,1.54060612228911,0.00425362156047264,0.0451432739804999,0.0376976308075843,2592,"tags=35%, list=24%, signal=27%","14825/20310/18035/12981/12266/54720/330122/18033/14710/26419/26399/56717/15979/22695/56489/106759/15015/234779/19225/13557/66734/14697/26417/16195/15039/19645/26395/18710/100504663/16440/18708/12675/14102/19697/20848/17164/19094/12367/15894/11652/21414/16452/225326/21937/12575/16476","Positive NES",46,"STm_MBCD vs MBCD"
"mmu05417","Lipid and atherosclerosis",142,0.38924323245384,1.51539284549714,0.00393500895595843,0.0451432739804999,0.0376976308075843,981,"tags=14%, list=9%, signal=13%","14825/20310/21926/18127/24088/22329/18035/11806/12475/330122/18033/19016/50527/22035/18986/26419/26399/12369/56489/106759","Positive NES",20,"STm_MBCD vs MBCD"
